image,label,item-count,item-key
https://firebasestorage.googleapis.com/v0/b/playingcardsio.appspot.com/o/ffbda491-58d7-4e12-ab47-2f7a46f53872.png?alt=media&token=327948c5-d61d-47c7-9c4b-d616a8b623c2,Ancient_Secrets.png,0,type-ba8e9df0-161b-435c-9895-eddeeb2a9710
https://firebasestorage.googleapis.com/v0/b/playingcardsio.appspot.com/o/58c91991-88f9-49fc-8e80-20e23fb6f7e7.png?alt=media&token=06a464a0-a3d5-416d-820b-643c532d0297,Assassin.png,0,type-f9bcd128-e936-4f04-add0-0abd2ba53e05
https://firebasestorage.googleapis.com/v0/b/playingcardsio.appspot.com/o/bdf3c00c-1210-447c-9a42-c24b4d8da705.png?alt=media&token=3f60540e-ed80-4743-ae65-8a131447fdf7,Assassinate.png,0,type-18976749-dc32-4e09-837f-0b2c186e3e34
https://firebasestorage.googleapis.com/v0/b/playingcardsio.appspot.com/o/4021d160-9136-4b3b-9b4e-c998bbca4c44.png?alt=media&token=3241003c-ba23-4df5-951f-1777fab904ce,Bard.png,0,type-05b408d6-3158-4de3-8b4e-79595be2406b
https://firebasestorage.googleapis.com/v0/b/playingcardsio.appspot.com/o/4e0f8556-dff1-4fb6-9cb0-72694bcbc37a.png?alt=media&token=51c08bec-df49-46fb-8b5d-a2ca9bf636a4,Beast.png,0,type-e9615764-95e1-4d70-9b59-d085f458d7cd
https://firebasestorage.googleapis.com/v0/b/playingcardsio.appspot.com/o/088a4cc8-053d-41d8-9dbc-e5dd4fa7c5f9.png?alt=media&token=156c028d-6ed1-4bde-8e9e-c508ce215dc2,Bedroll.png,0,type-ff71d0ab-9a8b-464e-b6dc-82d8771d4e03
https://firebasestorage.googleapis.com/v0/b/playingcardsio.appspot.com/o/66ad7126-97a6-43a9-b246-1f32f338593f.png?alt=media&token=b8bec4ae-5762-422a-bd68-7fb8eb182808,Begging_For_Scraps.png,0,type-a1d38d65-2aca-4784-ae6b-7e1468de6f79
https://firebasestorage.googleapis.com/v0/b/playingcardsio.appspot.com/o/577d5587-9568-44a0-98f2-d2e291dfd192.png?alt=media&token=3ceda106-0c0a-4f20-84a5-3be6b4f62b91,Beltpouch.png,0,type-3f5cec7f-0d62-4376-8fe6-222ccb2b56e8
https://firebasestorage.googleapis.com/v0/b/playingcardsio.appspot.com/o/48ae0fa0-7c30-477f-8b71-962eefc646aa.png?alt=media&token=91c59465-dfdb-4868-acf5-4633704e6b0a,Big_Ole_Diamond.png,0,type-30acc5b1-f3e4-42f4-8975-33e23ab0a5f8
https://firebasestorage.googleapis.com/v0/b/playingcardsio.appspot.com/o/735420c9-fd54-4a3b-8048-c15923ddc87f.png?alt=media&token=74787f9b-49fb-4e7c-a9e3-bbb17c1b1e59,Big_Ole_Emerald.png,0,type-04358fe6-d3a8-42f7-8fc0-5447cd2d6ad0
https://firebasestorage.googleapis.com/v0/b/playingcardsio.appspot.com/o/a2bc20e3-ad0b-414a-88f7-74ab9111d7fa.png?alt=media&token=959e7325-b523-4c6c-aedc-69a9978de3a9,Big_Ole_Fake.png,0,type-b49e1171-ed6f-4f7b-9408-dca28f4284ac
https://firebasestorage.googleapis.com/v0/b/playingcardsio.appspot.com/o/8e48c795-b48e-47c5-9251-1c54e1f58a2a.png?alt=media&token=9af0c7f4-6b4f-43e1-a959-97cec1f987dc,Big_Ole_Ruby.png,0,type-8994a56d-ae0f-4fce-84eb-b0bc0975066a
https://firebasestorage.googleapis.com/v0/b/playingcardsio.appspot.com/o/f0468548-67eb-441d-b241-eac324bcac81.png?alt=media&token=5c5ac23d-ce9d-48b8-ae90-67fc85873916,Binoculars.png,0,type-f4e861ec-095c-4294-8615-3c4509713a5f
https://firebasestorage.googleapis.com/v0/b/playingcardsio.appspot.com/o/abbc9774-fb31-459f-8d33-981ea49823ea.png?alt=media&token=08ce38f4-bb52-4354-818e-286d55bffbf7,Buckler.png,0,type-83c9528c-8379-4d13-beb1-85eb2c784ad1
https://firebasestorage.googleapis.com/v0/b/playingcardsio.appspot.com/o/d7b84f77-ebc5-4f1d-a8a8-c633f989f48a.png?alt=media&token=54f93a15-cd92-4e96-a552-e1da43e46514,Bystander_Disguise.png,0,type-8e65dca6-3cc7-415e-8ed4-f82cf9256298
https://firebasestorage.googleapis.com/v0/b/playingcardsio.appspot.com/o/7429dc3e-6b15-4e38-baa7-7c814e3d141c.png?alt=media&token=2ca0347b-baef-4fba-a7af-a3ec83a2693d,Canine.png,0,type-4405b926-7559-46cc-842b-389783e6250f
https://firebasestorage.googleapis.com/v0/b/playingcardsio.appspot.com/o/5e979099-1205-48a9-a5d8-56890eec82ac.png?alt=media&token=88c67e1b-46d3-4450-8f44-35923edc82ae,Cashflow.png,0,type-9633fba1-29f5-4aec-8509-564b6cfccb4a
https://firebasestorage.googleapis.com/v0/b/playingcardsio.appspot.com/o/eeeaabd0-9c9b-4314-a289-7146694f7d6e.png?alt=media&token=433a06dd-54ef-44c6-a706-0cfe4ffa9602,Chorus_of_Power.png,0,type-2be6e720-796e-478f-9690-8d1741194b55
https://firebasestorage.googleapis.com/v0/b/playingcardsio.appspot.com/o/341584fc-f7a5-424e-966e-9c86b412e08a.png?alt=media&token=083d1d9f-34c8-4fc6-8c83-7560092a8066,Club.png,0,type-e93a07f8-ef70-45ef-b9b0-e19bbcfa71c2
https://firebasestorage.googleapis.com/v0/b/playingcardsio.appspot.com/o/4c29ca73-3d0c-4837-b95b-b5e8147eca59.png?alt=media&token=3971ac2b-a484-44d9-bcc2-840034dbfc84,Concealed_Crossbow.png,0,type-c96c3252-e2d1-4b21-9496-4c3079bd8f8d
https://firebasestorage.googleapis.com/v0/b/playingcardsio.appspot.com/o/72bac092-766f-4d7c-b0db-d816b572c10a.png?alt=media&token=81ccbf9d-79f9-4e37-97f6-74f6be57d2c7,Crossbow.png,0,type-7db97c42-236c-4e27-9018-cd91128681ee
https://firebasestorage.googleapis.com/v0/b/playingcardsio.appspot.com/o/cb7a04c7-b4bd-4ca9-b69f-d513108a4c57.png?alt=media&token=6fedb172-c8a1-4a04-81b7-b908a50f669b,Dagger.png,0,type-11b92466-7d18-4548-8643-9b247e011e55
https://firebasestorage.googleapis.com/v0/b/playingcardsio.appspot.com/o/efe63ed2-6227-4af9-b567-909353e4a35e.png?alt=media&token=db4ccaaa-e63f-4888-89ca-49cde7344614,Dodge.png,0,type-be7c33f8-159f-4a62-a164-9b9ad886bdb7
https://firebasestorage.googleapis.com/v0/b/playingcardsio.appspot.com/o/ad45f4ae-6b1a-4061-9621-37c9f2bc664c.png?alt=media&token=9117b7dd-208e-4ea8-b566-c18484e089b6,Dual_Wielding.png,0,type-104e32ec-8fc8-4fdc-bbf3-e44d361b6660
https://firebasestorage.googleapis.com/v0/b/playingcardsio.appspot.com/o/2d09220a-63b1-47a1-b308-a9fe096990a3.png?alt=media&token=e71fd698-e046-4f03-b70a-e618f187039e,Dwarf.png,0,type-2263850f-f6b8-4fd1-9977-d51d06f2045e
https://firebasestorage.googleapis.com/v0/b/playingcardsio.appspot.com/o/795b5738-0146-42ec-9eee-140050e90d57.png?alt=media&token=7cbb3419-67a4-4c6a-9c6a-33bbd839ac1d,Dwarf_Gauntlet.png,0,type-506576a6-7cc9-4749-b41f-316b3de588e2
https://firebasestorage.googleapis.com/v0/b/playingcardsio.appspot.com/o/418bd605-7c2a-4d10-a824-6de6179c3ac0.png?alt=media&token=bfb062d6-333c-40f0-9816-0dfa00926c7c,Echoes_of_Life.png,0,type-033dd045-4c0b-41f8-a0dc-91c1f3286ba5
https://firebasestorage.googleapis.com/v0/b/playingcardsio.appspot.com/o/6d5716c7-0174-4600-9ad8-2dc7db7b6d9a.png?alt=media&token=ec4fcf15-463d-41bb-bd2b-da9e380d4cad,Extra_Ration.png,0,type-b474eb6e-c649-46f3-90cb-9a34dbe32a24
https://firebasestorage.googleapis.com/v0/b/playingcardsio.appspot.com/o/8b07c890-aad9-46e4-a845-905514797ca4.png?alt=media&token=d28d8d28-6760-42bc-8371-417c77c0c32a,Ferocious_Roar.png,0,type-23e56ef5-a0a0-48fd-bcea-2e28e50eb68a
https://firebasestorage.googleapis.com/v0/b/playingcardsio.appspot.com/o/ba34887a-0386-4885-9f47-1c768be528f8.png?alt=media&token=36fb6370-fae7-45a7-939e-1921c866f05f,Field_of_Flowers.png,0,type-3c8aa4be-b962-4c73-a3b6-488207dd20b6
https://firebasestorage.googleapis.com/v0/b/playingcardsio.appspot.com/o/c4d3233f-9353-4f6b-8091-cd1ace32f211.png?alt=media&token=3b678b30-0b3c-4fbc-886a-639cb7aecea0,Filth.png,0,type-d039e149-fb10-412e-a2fb-5b03a251dffc
https://firebasestorage.googleapis.com/v0/b/playingcardsio.appspot.com/o/f833c553-c5cf-48d5-ad26-af93a91cc383.png?alt=media&token=982528a1-4d04-49ec-9f56-59ea44b161c3,Final_Blow.png,0,type-ede57e76-280c-45bc-94b4-40db10da783d
https://firebasestorage.googleapis.com/v0/b/playingcardsio.appspot.com/o/c8d6cb2b-c4b1-4dab-8f53-a530e593f234.png?alt=media&token=e1286108-da47-46bf-84df-e25f17a5f790,Fine_Clothes.png,0,type-f82750ab-8e9a-41f5-b009-3cabbc64f69d
https://firebasestorage.googleapis.com/v0/b/playingcardsio.appspot.com/o/8368f2e7-73e6-4a84-b2d7-ff705b4ae9a6.png?alt=media&token=de9cf8ec-e482-4f90-a306-e7cb5fab2b2a,Flourish.png,0,type-eacbfe01-b8e1-49b7-8ed9-c5a53a647e2b
https://firebasestorage.googleapis.com/v0/b/playingcardsio.appspot.com/o/59cca0b2-764d-4c73-afc4-2cf0120e684f.png?alt=media&token=883db1fd-82b9-49f7-bdc7-23000af69f87,Force_Field.png,0,type-ed8dbf93-5811-4ed3-8344-11046b45b475
https://firebasestorage.googleapis.com/v0/b/playingcardsio.appspot.com/o/db3ce8a3-2f82-402f-beb3-7cb4304e2f22.png?alt=media&token=332687cf-d394-4ca8-ba76-bd6c5dda6b52,Frantic_Search.png,0,type-2f1658cf-d9cc-46c4-a253-c09a4fa09b9e
https://firebasestorage.googleapis.com/v0/b/playingcardsio.appspot.com/o/dd8f5f6d-f2cc-44f8-88b9-d9f4cf5fafe1.png?alt=media&token=389d3f26-9b5d-4ef5-9552-46667fa46276,Full_Plate.png,0,type-f68500b0-215f-42f9-a10a-7bedba04a03b
https://firebasestorage.googleapis.com/v0/b/playingcardsio.appspot.com/o/fd8e3e11-6cf7-4e07-a65e-71ecc3d024d9.png?alt=media&token=1af20dc1-e771-4a7b-9f50-7e2d13a4b03d,Gale.png,0,type-232b06c0-d198-4218-949f-3c5d9b61db3f
https://firebasestorage.googleapis.com/v0/b/playingcardsio.appspot.com/o/3223507c-3d28-4508-bef1-cfc0bc21985c.png?alt=media&token=5a4b325b-15cd-41c6-9271-8cbdc79963f0,Gather_Magic.png,0,type-631941cc-6a76-4526-825c-0b06b065d8ee
https://firebasestorage.googleapis.com/v0/b/playingcardsio.appspot.com/o/2694fbd1-f48a-41af-b340-c68a4587cbcc.png?alt=media&token=11f8a84e-4ed3-405d-8506-5c1f2203e908,Gauntlet.png,0,type-77493fd6-8940-4218-a7bc-f4f27aed95b6
https://firebasestorage.googleapis.com/v0/b/playingcardsio.appspot.com/o/b5d0c035-fa93-427b-8050-6ed3a83cd3cc.png?alt=media&token=0d643349-5144-42da-9591-4feb94f9b34a,Glowing_Sword.png,0,type-c65acca2-30ff-47ca-89ce-3b2418b77931
https://firebasestorage.googleapis.com/v0/b/playingcardsio.appspot.com/o/f57acb34-2c78-4c44-bf30-0ddd2f2be59a.png?alt=media&token=e43fdbb7-7ef9-4843-b000-7e2aacf61e25,Gold_Coin.png,0,type-e8d2e3b3-0698-4b29-b455-1f465b232dbe
https://firebasestorage.googleapis.com/v0/b/playingcardsio.appspot.com/o/29f83b6a-4542-499a-9047-0bf0ad771c23.png?alt=media&token=061e1d08-dd9e-4903-a0e7-b39fc79dda5d,Grovel_.png,0,type-b1c1973a-9472-423c-a39b-2803fedde060
https://firebasestorage.googleapis.com/v0/b/playingcardsio.appspot.com/o/536ccc5e-ea2e-433e-95b3-7ac717172f31.png?alt=media&token=53437701-2b12-4ef8-a44b-a97fd90d3bb8,Hand_Mirror.png,0,type-e660a610-8ae1-4366-bc2d-afa1012959b6
https://firebasestorage.googleapis.com/v0/b/playingcardsio.appspot.com/o/d31a6e47-6b40-4610-88a9-8efb209df98b.png?alt=media&token=0ba3eeb5-c515-4482-b2ee-61c7aafe8377,Health_Potion.png,0,type-65a3d7c6-182a-4a50-86f2-09c342c3ea47
https://firebasestorage.googleapis.com/v0/b/playingcardsio.appspot.com/o/640f7e51-0b74-419b-9629-b758f03b9db5.png?alt=media&token=b3be2699-d6bc-4411-8bdd-364ec7536865,Heat_Manipulation.png,0,type-60c5911f-7427-4b27-b122-679550023c32
https://firebasestorage.googleapis.com/v0/b/playingcardsio.appspot.com/o/14a4335a-5ead-4411-94c5-1e9e7c3e645d.png?alt=media&token=8f9ef6de-80fa-4e6c-964d-4f1a00ecaead,Helm.png,0,type-f5514b44-f1fb-4d5e-aaf7-4c036cfac4ff
https://firebasestorage.googleapis.com/v0/b/playingcardsio.appspot.com/o/9775f55e-ec07-4d3b-9988-8c777dcf5886.png?alt=media&token=6c5a9bac-c4c7-4418-b14a-74a4e143bf5e,Hide.png,0,type-1579dd67-dfc3-4c7e-b25d-3250a9e9704e
https://firebasestorage.googleapis.com/v0/b/playingcardsio.appspot.com/o/4cbb26ea-acbf-4b75-a2f3-33466445a219.png?alt=media&token=060a4c7c-6f0a-479c-b486-f5f26920bd54,Homemade_Shield.png,0,type-78e479cb-a3ab-46dd-a616-96d2e301dc34
https://firebasestorage.googleapis.com/v0/b/playingcardsio.appspot.com/o/a23fb30e-ae21-40f1-a78d-f4877a9c4b0f.png?alt=media&token=008b9951-87f4-4a75-9fe9-c899e7bf3377,Horns.png,0,type-f8d756e5-4e7c-4e5d-a405-daf053f4273d
https://firebasestorage.googleapis.com/v0/b/playingcardsio.appspot.com/o/72611186-e657-43d3-80e2-c34bc9b6775d.png?alt=media&token=88ccdcab-ee70-4243-a721-3e63c832b9cf,Hulking_Physique.png,0,type-9e962c50-f9c6-4295-add9-7f0909741605
https://firebasestorage.googleapis.com/v0/b/playingcardsio.appspot.com/o/08188110-9bc8-44f2-8be7-9820fd05984d.png?alt=media&token=64df46b9-ef97-4af8-96c6-71666305b9f5,Income.png,0,type-0746b1eb-5acd-4ba5-bffd-c115f3bdfa5d
https://firebasestorage.googleapis.com/v0/b/playingcardsio.appspot.com/o/705047d2-a768-4bb4-b1ed-7a535fd845a7.png?alt=media&token=6fc7802a-9bc6-4e7a-bb23-f146315f6505,Initiate_s_Notes.png,0,type-1d9e42f7-3560-48c5-8929-7671922508d6
https://firebasestorage.googleapis.com/v0/b/playingcardsio.appspot.com/o/59e9e2bb-6cd2-4090-a98e-82146b28116c.png?alt=media&token=655d98e8-d7f6-4135-99c6-caf599e095ec,Jerkin.png,0,type-6fae47d9-f18f-45c7-b06f-2c110306e274
https://firebasestorage.googleapis.com/v0/b/playingcardsio.appspot.com/o/b4716774-0a77-438f-9a65-2dc46fdaa8a6.png?alt=media&token=31e2e288-4aa3-48a6-8fac-2ab451d27922,Knight.png,0,type-f87976bf-830b-42ed-9ae7-b28128944e02
https://firebasestorage.googleapis.com/v0/b/playingcardsio.appspot.com/o/4657335b-fd28-4cb6-82e2-c63a32103c55.png?alt=media&token=ce364c16-11ec-4b9a-af9a-ccf0bb53fe13,Life_Drain.png,0,type-19554601-b3dd-4310-8964-b7e8bbd5ae5e
https://firebasestorage.googleapis.com/v0/b/playingcardsio.appspot.com/o/1b795ce8-105f-4c7e-b318-ff28856755c7.png?alt=media&token=234d868e-ede9-481b-b4b6-556320b85c6e,Liquid_Courage.png,0,type-4dffa2fb-3809-4d32-9423-2910a34cbbbe
https://firebasestorage.googleapis.com/v0/b/playingcardsio.appspot.com/o/bc624d92-5e58-4a12-9a58-97ae73cad9e2.png?alt=media&token=d0774709-04ff-4bff-b3c0-4b0bd794f8ab,Loot.png,0,type-0cd07ae6-6206-400b-b549-19ec1c0ab34e
https://firebasestorage.googleapis.com/v0/b/playingcardsio.appspot.com/o/ac2ebc60-d745-4a7a-be72-779363a1ba04.png?alt=media&token=57aeb59d-5f28-47e7-bf12-362b9a1f688f,Lute.png,0,type-d730ed63-4584-4e5e-b9f5-743585ab146b
https://firebasestorage.googleapis.com/v0/b/playingcardsio.appspot.com/o/bcfb650a-9bc1-4f0d-af14-d6d2582f14d9.png?alt=media&token=eefef841-02dd-48e8-8019-f6b36feba8d0,Magic_Staff.png,0,type-b605de6e-8ace-4bc9-9b05-38c3f6d58050
https://firebasestorage.googleapis.com/v0/b/playingcardsio.appspot.com/o/1ea77793-fa10-4f19-9e4e-412c0915000f.png?alt=media&token=9f10dbb0-9572-4c93-af6c-6c0b45aaf912,Miner_s_Pick.png,0,type-4acf1db1-6161-45a6-b4fc-3b0b36034282
https://firebasestorage.googleapis.com/v0/b/playingcardsio.appspot.com/o/b1e7b549-0228-47f8-892f-7dfb1bd3b788.png?alt=media&token=e08ff6ac-d88b-41d8-9879-0f7a82dff766,Mirror_Shard.png,0,type-39147381-73df-4f4b-b4f4-18721b1b2a22
https://firebasestorage.googleapis.com/v0/b/playingcardsio.appspot.com/o/78ce0deb-320f-4f9a-9571-6cc8883b0777.png?alt=media&token=2c78cc97-293c-4fb4-b408-703a4eb54223,Necromancy.png,0,type-26cff6bb-94f4-45da-b3a3-dc4ed1c7c3d7
https://firebasestorage.googleapis.com/v0/b/playingcardsio.appspot.com/o/edfea122-d210-4b9f-b0ef-163f12396ae9.png?alt=media&token=d6aa060c-db06-4f9f-a37b-467ddb72e7a9,Ork.png,0,type-63d6cb42-90f7-475a-9aa2-25443b4280df
https://firebasestorage.googleapis.com/v0/b/playingcardsio.appspot.com/o/831d1686-a2c6-43b7-889c-700676efe332.png?alt=media&token=e65e112a-8aa5-4f99-8834-34c1e65630ae,Out_Clubbin_.png,0,type-39a86ccf-de6a-408a-b9a4-d5da9bd41531
https://firebasestorage.googleapis.com/v0/b/playingcardsio.appspot.com/o/46d5d4a2-d88a-4ad7-be46-7dd04c0c0430.png?alt=media&token=2de9de0f-a311-4bc5-90a1-9edcf5e9ac6b,Out_of_Phase.png,0,type-7c148344-72aa-4162-a73a-b3556b9aa131
https://firebasestorage.googleapis.com/v0/b/playingcardsio.appspot.com/o/63e4882b-81d5-4dc2-b4b2-3f3e681d25c0.png?alt=media&token=1482883d-a2f7-4179-a813-3a4bee76dce2,Pack.png,0,type-7870c2ba-2cb0-40fa-b426-e2229a5d1baa
https://firebasestorage.googleapis.com/v0/b/playingcardsio.appspot.com/o/7a312b22-788a-409d-b435-6ef248f5082d.png?alt=media&token=419768b7-2454-4709-b368-b7d9c1d4df03,Patchwork_Monstrosity.png,0,type-5dded829-dfa7-4a41-a16c-259d1b4f03bc
https://firebasestorage.googleapis.com/v0/b/playingcardsio.appspot.com/o/d847c938-8f56-4a53-8204-eda9b383126b.png?alt=media&token=5f988fe7-0491-4bc7-bb52-05dbada01591,Pike.png,0,type-d6a5a357-4f41-4bc0-b256-9343a77aae26
https://firebasestorage.googleapis.com/v0/b/playingcardsio.appspot.com/o/ceb58321-0feb-40ca-af53-fd186354a29b.png?alt=media&token=93cfe951-19be-451f-9e3f-c7aff283ea8b,Poison_Dagger.png,0,type-5775a918-cc98-4122-aa34-ed9f637a2f92
https://firebasestorage.googleapis.com/v0/b/playingcardsio.appspot.com/o/c15ff712-3d58-4834-b3de-651e0977a8e8.png?alt=media&token=efa809b8-ae59-481c-81e6-f9d3af64da21,Prudence.png,0,type-2120534d-a5c1-4752-99cd-391e5a8e7513
https://firebasestorage.googleapis.com/v0/b/playingcardsio.appspot.com/o/c637c68e-47b2-4567-8e1e-61e587c1649b.png?alt=media&token=ba699953-ae0a-453e-8bdc-f90304fb9240,Psychic_Bomb.png,0,type-dc414e9c-e837-41fe-98fb-3d2b181970de
https://firebasestorage.googleapis.com/v0/b/playingcardsio.appspot.com/o/656269b5-7fa6-4bf3-8a20-d2ba090d5a65.png?alt=media&token=fc79df52-9379-4fc0-ada0-366cd65c6078,Quick_Thrust.png,0,type-ad91a9bd-ff8b-4464-b4e2-58ee667010ea
https://firebasestorage.googleapis.com/v0/b/playingcardsio.appspot.com/o/f7b5fbda-d7fd-4767-89e4-adce9e699748.png?alt=media&token=dbc363e1-fd0b-4532-875e-08c0c55344c8,Reconnoiter.png,0,type-bb23e637-9f25-411e-b4fb-be80b70b77b2
https://firebasestorage.googleapis.com/v0/b/playingcardsio.appspot.com/o/c190142e-7b4c-4b9c-9f10-156d7b639451.png?alt=media&token=0ea47ae7-fa14-4a8e-ad6b-c673c15e615b,Refined_Spirits.png,0,type-233c736d-7a68-4538-ae49-eb0208c5f3e8
https://firebasestorage.googleapis.com/v0/b/playingcardsio.appspot.com/o/f5a8545b-c17e-4b04-bdb9-873b37b4c8bf.png?alt=media&token=8638ce07-75c2-4912-af6f-603df04e646b,Ribbon.png,0,type-2b46f63c-2e75-4cc0-b7b3-749fe929f237
https://firebasestorage.googleapis.com/v0/b/playingcardsio.appspot.com/o/dd32b806-f337-4dcc-b2f2-3c024e54572f.png?alt=media&token=43d07140-d329-4c31-842d-48d43571304c,Ritual_of_the_Eldritch_Flows.png,0,type-47265307-fff1-4cc9-90fe-16ffac1c82e2
https://firebasestorage.googleapis.com/v0/b/playingcardsio.appspot.com/o/0d3a1e93-516c-41a7-9890-e5034b80e2eb.png?alt=media&token=d740d461-0eb4-46f6-8717-e658f03ae830,Rotten_Cuisine.png,0,type-5dc95a75-5c6d-403f-ba74-94368fd19987
https://firebasestorage.googleapis.com/v0/b/playingcardsio.appspot.com/o/3f60e0d2-316a-48e0-a3e8-e1aaa93dcd35.png?alt=media&token=bf747ce8-1c59-44a4-b86c-36ba30b2fe18,Shield.png,0,type-094b99c5-98cc-4189-9102-6896d5587db9
https://firebasestorage.googleapis.com/v0/b/playingcardsio.appspot.com/o/368376bc-8998-469b-90ee-9eee9d41d30b.png?alt=media&token=be611931-0b6b-40a4-b958-201cea240af9,Shift_Shape.png,0,type-8ecce0bd-cb68-4795-8494-f395b37087fe
https://firebasestorage.googleapis.com/v0/b/playingcardsio.appspot.com/o/eb6b5129-a1f0-4d7d-a8f1-327d3b954577.png?alt=media&token=d31ef3f0-7835-4211-9ad5-8bb94290b491,Skeletal_Minion.png,0,type-5ea5bb67-d021-4290-b5d0-7a57dfc24c45
https://firebasestorage.googleapis.com/v0/b/playingcardsio.appspot.com/o/55262123-98a2-46d1-bc58-87d6131d46ad.png?alt=media&token=f3fc04dc-72bd-4fff-b21d-fb25d57e4c30,Sleight_of_Hand.png,0,type-433884d8-dd60-4ef3-80e9-0a626f717092
https://firebasestorage.googleapis.com/v0/b/playingcardsio.appspot.com/o/14654228-8537-4a5a-9403-d8f35974fa1f.png?alt=media&token=fafc413c-13f9-4bff-a06c-6df883fc4ebe,Smith_s_Almanac.png,0,type-143699e1-a3de-4de3-9863-609def97cbc1
https://firebasestorage.googleapis.com/v0/b/playingcardsio.appspot.com/o/60261900-ec19-47e5-803f-683fe129c2e4.png?alt=media&token=16fada46-6841-4ef2-bda4-5892ea336c2c,Sorcerer.png,0,type-bea7ba72-5e6e-414b-ac62-763595c3d411
https://firebasestorage.googleapis.com/v0/b/playingcardsio.appspot.com/o/f4828876-fdd5-423f-bc73-92a09d647bb4.png?alt=media&token=aedacd60-0dfe-45fd-b50f-9b242c9a1f8a,Special_Training.png,0,type-d47457a2-a9fa-4180-a283-8601d1c45561
https://firebasestorage.googleapis.com/v0/b/playingcardsio.appspot.com/o/70a9ae19-1dd0-4b0c-b257-3acce3a7d60e.png?alt=media&token=4b75e050-fc76-4d7e-9e71-ccb48bf690f2,Spell_Book.png,0,type-e46ac596-e125-4d44-84bc-d543c02f9927
https://firebasestorage.googleapis.com/v0/b/playingcardsio.appspot.com/o/f60e52db-8321-4479-9968-54682c9a072e.png?alt=media&token=a4cd9f99-e6f4-4a0a-a63f-912cb091d249,Spiked_Tail.png,0,type-0ef4fc82-217d-4adf-a5e7-5c7230c19e5c
https://firebasestorage.googleapis.com/v0/b/playingcardsio.appspot.com/o/c736931d-7dd7-4683-a2e7-37a9bdea3828.png?alt=media&token=4d58719b-e9bc-4bf7-8fd2-bd9d7d189ddb,Spiked_Tea.png,0,type-0d468f56-d008-4122-9216-1bfe436560eb
https://firebasestorage.googleapis.com/v0/b/playingcardsio.appspot.com/o/7d86137d-c1ff-4c51-836e-67bcb2999e00.png?alt=media&token=45e8a38f-e409-4595-a5f3-5adeace9e16b,Steed.png,0,type-81c051d4-4531-423f-9335-ef94fa7c0e5a
https://firebasestorage.googleapis.com/v0/b/playingcardsio.appspot.com/o/46d1aa85-d579-4d70-bb2b-39a032d22b38.png?alt=media&token=2a1a0c5a-649a-4525-af51-a05db8036b7e,Stench.png,0,type-d29b786a-17ae-4077-9abd-4b8ab492b7fa
https://firebasestorage.googleapis.com/v0/b/playingcardsio.appspot.com/o/b0503c10-57e6-4559-9c07-60103cd59102.png?alt=media&token=65339ab2-97f9-415d-adce-47f2f68e9d81,Sword.png,0,type-0833462d-4eca-4bad-bde9-1a582d55d454
https://firebasestorage.googleapis.com/v0/b/playingcardsio.appspot.com/o/55989330-7bae-4303-b6eb-54202d2a46dc.png?alt=media&token=388c60b5-a203-4a95-8238-555aee6bedc2,Sword_Breaker.png,0,type-b56f3587-0a31-4499-a63c-5c65a6404273
https://firebasestorage.googleapis.com/v0/b/playingcardsio.appspot.com/o/c0ceed29-11c7-4a8c-b50a-d55f36dba16a.png?alt=media&token=87b775e1-0c77-4668-9bf7-764e0da68483,Tail.png,0,type-f5171867-5f7e-4d22-84be-edf999c40bfd
https://firebasestorage.googleapis.com/v0/b/playingcardsio.appspot.com/o/c9baa1b6-8f33-4320-bc72-f23757589bf2.png?alt=media&token=93f83525-3d1f-416a-8ce2-c9dace8a7d4a,Terrify.png,0,type-48832056-d0fe-427a-80e1-d6d23a0337ff
https://firebasestorage.googleapis.com/v0/b/playingcardsio.appspot.com/o/ee1b7334-5dc0-46d9-a200-55c920bda7f6.png?alt=media&token=fd40dd29-2d4c-439c-a388-dbf2940e5d4c,The_Nightwatcher.png,0,type-242b60e5-9302-438e-a5d7-f3d822f708dc
https://firebasestorage.googleapis.com/v0/b/playingcardsio.appspot.com/o/417a12ca-1f03-403d-a585-14ef0e164f94.png?alt=media&token=5dab3834-f2bf-4431-abdc-767170d9c1a6,Trash_Treasure.png,0,type-2129b604-7ed6-4f64-8beb-e1a59ba189b6
https://firebasestorage.googleapis.com/v0/b/playingcardsio.appspot.com/o/0f21afd9-4b48-46ae-bcf5-405bc6fb5837.png?alt=media&token=f2620711-f65d-4b7c-995b-74c3ba4ef39e,Trick_Coin.png,0,type-43e50ba0-4236-4e4f-9780-7815ff64c9aa
https://firebasestorage.googleapis.com/v0/b/playingcardsio.appspot.com/o/46410b14-8e54-4f54-a44d-14bc6fd2e59a.png?alt=media&token=958e805f-1055-4136-9212-d02aec1bd3d9,Tune_of_Seduction.png,0,type-fa6d1e53-11c8-4e5e-a7b6-d9c032a434b1
https://firebasestorage.googleapis.com/v0/b/playingcardsio.appspot.com/o/81c38ed5-4c28-4db6-ba5c-bf3be51b86da.png?alt=media&token=bb3c9e64-65ed-4f79-9ace-b0108b92158f,Undead.png,0,type-3087f0c5-7b5b-4303-a70b-f0287d433957
https://firebasestorage.googleapis.com/v0/b/playingcardsio.appspot.com/o/0f0d4256-6089-423e-868c-258df3a5a1cb.png?alt=media&token=dd8eac26-6245-462d-8089-1f2ae254e15a,Valet.png,0,type-7e1ad71e-d58d-4125-8679-bd3ca01d746a
https://firebasestorage.googleapis.com/v0/b/playingcardsio.appspot.com/o/b4adc8d6-a503-4cbc-89ce-a1695e008e1d.png?alt=media&token=6b147b36-b651-4b3b-9b25-dbde38be1d43,Valour.png,0,type-6e958d57-5f99-40da-be1c-21921359502e
https://firebasestorage.googleapis.com/v0/b/playingcardsio.appspot.com/o/e05d2cf0-f881-4f54-ba0f-d44aa29c448f.png?alt=media&token=8f02f337-6e5b-4e0d-acc2-5f04e4569e46,Vile_Vial.png,0,type-825d3eb8-5510-446f-a25d-9b8a179d52fa
https://firebasestorage.googleapis.com/v0/b/playingcardsio.appspot.com/o/c9b2472a-cbd6-4283-929f-f5f144d554f8.png?alt=media&token=92078ff5-e6d1-4ced-91b2-a54c1392d843,Whisperer.png,0,type-b6f3a7dc-aa56-4ff4-94a7-533db50cbe74
https://firebasestorage.googleapis.com/v0/b/playingcardsio.appspot.com/o/3d553c1b-9e20-432b-bf88-0a7727f7e3d9.png?alt=media&token=2c17ff77-1e71-47b4-b278-a70b1480503c,Wise_Old_Mentor.png,0,type-14a6b4d4-dd54-44c9-ab78-4959d11e00d2
https://firebasestorage.googleapis.com/v0/b/playingcardsio.appspot.com/o/481905c4-56b5-4b88-a453-42b2c58d464d.png?alt=media&token=61ac691c-682d-4aec-abd5-f73a69ddbd16,Witty_Riposte.png,0,type-531a2bea-a29f-45da-9347-03f50dc1477c